{"mail": "daliti2229@jalcemail.com", "full_name": "Katharine Brett", "user_name": "Katharine.Brett.GJIS", "password": "39AhdyYEhh"}
{"mail": "bodafaf393@htcsemail.com", "full_name": "Gabriella Mcintosh", "user_name": "Gabriella.Mcintosh.0DH4", "password": "1UzaBAU4G7"}
{"mail": "hifaxi2988@debsmail.com", "full_name": "Matas Decker", "user_name": "Matas.Decker.ADTI", "password": "A6Qb0uApag"}
{"mail": "posewes577@debsmail.com", "full_name": "Ahmad Ibarra", "user_name": "Ahmad.Ibarra.ACCE", "password": "0r8oBczkW2"}
{"mail": "jiven98325@jalcemail.com", "full_name": "Misbah Brown", "user_name": "Misbah.Brown.EIND", "password": "PTy7ktThSZ"}
{"mail": "fodew54995@htcsemail.com", "full_name": "Humphrey Quintero", "user_name": "Humphrey.Quintero.O49F", "password": "LTWkU5E7An"}
{"mail": "keyex50870@debsmail.com", "full_name": "Jennie Ball", "user_name": "Jennie.Ball.EYMD", "password": "ei2Iqq2f8L"}
{"mail": "nobicep140@htcsemail.com", "full_name": "Rylee Mccann", "user_name": "Rylee.Mccann.GWLB", "password": "pF4bI4Ikk6"}
{"mail": "sanoca5719@finxmail.net", "full_name": "Samuel Schneider", "user_name": "Samuel.Schneider.7AP1", "password": "WGy22PKj2G"}
{"mail": "yapoco4435@mailvxin.net", "full_name": "Uwais Peacock", "user_name": "Uwais.Peacock.3SGA", "password": "OSKCAi4ys0"}
{"mail": "joloya1851@mailvxin.net", "full_name": "Tamera Mcdermott", "user_name": "Tamera.Mcdermott.AIE6", "password": "5BtghxwAEk"}
{"mail": "kasar81346@jalcemail.com", "full_name": "Faye Bentley", "user_name": "Faye.Bentley.CDVT", "password": "MAosb2UTLo"}
{"mail": "nojilol476@mailvxin.net", "full_name": "Margie Best", "user_name": "Margie.Best.NA1I", "password": "55ss4PIcR4"}
{"mail": "bojer80120@htcsemail.com", "full_name": "Kerri Graves", "user_name": "Kerri.Graves.7EC8", "password": "Unb7q6uguD"}
{"mail": "fotir87684@mailvxin.net", "full_name": "Tracey Doherty", "user_name": "Tracey.Doherty.Z57N", "password": "eGXX6iEqlX"}
{"mail": "daciw95877@jalcemail.com", "full_name": "Aarron Nixon", "user_name": "Aarron.Nixon.48NF", "password": "0naWWPJExb"}
{"mail": "jilegef561@mailvxin.net", "full_name": "Charmaine Mac", "user_name": "Charmaine.Mac.UJN6", "password": "hAIFgbNqSK"}
